{"cameraMode":{"drawMode":0,"name":"Shaded","section":"Shading Mode"},"sceneLighting":true,"audioPlay":false,"sceneViewState":{"m_AlwaysRefresh":false,"showFog":true,"showSkybox":true,"showFlares":true,"showImageEffects":true,"showParticleSystems":true,"showVisualEffectGraphs":true,"m_FxEnabled":true},"in2DMode":false,"pivot":{"x":1.4107589721679688,"y":0.06749725341796875,"z":-6.3061981201171879},"rotation":{"x":-0.004393519833683968,"y":-0.9898837208747864,"z":-0.138072207570076,"w":0.03118927590548992},"size":267.7637939453125,"orthographic":false}